Dataset,Global-LIME-ITEA,Global-LIME-KR,Global-LIME-RF,Global-LIME-XGB,Global-PE-ITEA,Global-PE_adj-ITEA,Global-SHAP-ITEA,Global-SHAP-KR,Global-SHAP-RF,Global-SHAP-XGB,Global-SHAP_adj-ITEA,Global-SHAP_adj-KR,Global-SHAP_adj-RF,Global-SHAP_adj-XGB,Local-LIME-ITEA,Local-LIME-KR,Local-LIME-RF,Local-LIME-XGB,Local-PE-ITEA,Local-PE_adj-ITEA,Local-SHAP-ITEA,Local-SHAP-KR,Local-SHAP-RF,Local-SHAP-XGB,Local-SHAP_adj-ITEA,Local-SHAP_adj-KR,Local-SHAP_adj-RF,Local-SHAP_adj-XGB,RMSE-test-ITEA,RMSE-test-KR,RMSE-test-RF,RMSE-test-XGB,RMSE-train-ITEA,RMSE-train-KR,RMSE-train-RF,RMSE-train-XGB,Tottime-train-ITEA,Tottime-train-KR,Tottime-train-RF,Tottime-train-XGB
I.10.7,0.10332347498147312,0.09761905158344145,0.18006369601074873,0.10858991495651908,0.5970482950873123,0.10230672835481885,0.0,0.029439202887759572,0.17834842402725953,0.017962924780409905,0.47431861407851544,0.4526219909225209,0.5387821732841982,0.4840975903071106,0.20322808327596947,0.1932699665223561,0.3895637662261308,0.27603689615535054,0.6681555210268861,0.22943553924069096,0.000816496580927726,0.09797958971132707,0.29437109244343795,0.1649323093474007,0.6018319337093069,0.5791263542886684,0.6243539818046547,0.5999019985253004,0.001500229976738117,0.060332824570474175,0.14525456310645796,0.1040573436251673,0.00026656752988737145,0.060332824570474175,0.05271788851039375,0.1040573436251673,98.96692443688711,0.01709028085072835,0.4539847691853841,0.21330792903900148
I.11.19,0.3449897724514631,0.3300003305482797,0.999123428080479,0.5829911630570994,0.38150351096300095,0.5403124366004854,0.10812968888546651,0.041231056256176665,0.9167460675319893,0.47394124393422926,0.31776002020343164,0.22390474164995566,1.1208215122179412,0.7890417518063284,1.2640122648110368,1.1904295492729509,1.4865774760008177,1.334448165675141,2.024224494346476,0.995514515702388,0.36087441831331957,0.1278615169553062,1.4238538620523606,0.9765201719735149,2.1100513500132227,1.990064834344516,2.5995944389045254,2.457229095127639,1.6693061015673718,0.3365244436386222,4.905396017875183,3.459365887331747,0.4327351683665695,0.3365244436386222,1.8401938516301328,3.459365887331747,165.47431384722393,0.015382949511210125,0.388619867960612,0.20884425640106202
I.12.1,0.10566666666666655,0.10233333333333322,0.0869999999999999,0.13766666666666658,0.06000000000000005,0.040000000000000036,0.0,0.0,0.018666666666666682,0.029666666666666692,0.08999999999999986,0.09999999999999983,0.04966666666666668,0.05533333333333338,0.21766666666666667,0.21333333333333332,0.2083333333333334,0.219,0.4800000000000001,0.12000000000000002,0.0,0.0,0.099,0.08999999999999998,0.4800000000000001,0.4800000000000001,0.557,0.5386666666666665,8.367281836914826e-16,0.07921077309218912,0.6461547142303667,0.5970987411456125,2.2369272070029525e-15,0.07921077309218912,0.3083765660162363,0.5970987411456125,66.61833770275116,0.020985611279805503,0.4803824822107951,0.1888142983118693
I.12.11,0.4641029944858757,0.6674235996606608,0.4277436237151017,0.5324058519651789,0.36467438977116656,0.6676824274982586,0.11227629515761423,0.074027022093287,0.4732069980268821,0.244121555071054,0.2051050399399198,0.23511699215496945,0.5304098468149764,0.3777465501107485,1.189518126046173,1.1972798847028423,1.1796828400775279,1.1556376516629476,1.2945356223409459,1.0136700656737077,0.619462628898597,0.5117138870228246,0.895169110303756,0.8157401724391993,1.2023992503314829,1.0919858672667817,1.310623225767846,1.2847942141514113,7.1434145438653935,6.055623497231882,9.38587354265176,8.92504417785812,2.445281963637769,6.055623497231882,3.9357011515876774,8.92504417785812,149.9881753842036,0.026274498303731283,0.4738599856694539,0.20123187700907388
I.12.2,0.0868929107126737,0.23353941620776206,0.1547901756033663,0.19682433522979298,0.23847913231400436,0.154098600156836,0.0032508092714236434,0.14265342617687096,0.251965589846585,0.22332281446943011,0.07178642553561002,0.1584297951775486,0.28258720082647415,0.26473752184752414,0.5997659013447424,0.5913789620716341,0.6979832580661134,0.6338972431822845,1.1766707613396765,0.6457935931127197,0.002592724864350674,0.40271698909576126,0.6532539660942892,0.6248406922179837,0.9793711156826084,1.1824810027486676,1.1949854214548854,1.1944644160338507,0.0004544841747484259,0.021739905296658514,0.029068107597342165,0.02775596839250801,6.0036176944987985e-05,0.021739905296658514,0.013157540117830888,0.02775596839250801,103.31994375387828,0.015930541356404624,0.2190200646718343,0.13155844211578369
I.12.4,0.06786698725284171,0.13677962906808436,0.22988804441990973,0.26752517896382444,0.06480740698407857,0.15121728296285014,0.0,0.06683312551921136,0.17913467331510624,0.1799160114481738,0.14719601443879748,0.037416573867739514,0.3928523087999564,0.3712515870994355,0.38950757439390654,0.37857280327688464,0.40673076206369235,0.42626282229944784,0.7877621239100108,0.5522865841807686,0.0,0.31187027857734256,0.26898013305964413,0.30379394696975043,0.5594361903352564,0.7454717494385822,0.6544177503927523,0.6805728474623923,6.749696249161826e-18,0.015616396531512257,0.008802236353002734,0.010636834137417766,5.157019913743183e-18,0.015616396531512257,0.003191195337240044,0.010636834137417766,72.98994283676147,0.011657142639160156,0.34211538632710775,0.18558518091837564
I.12.5,0.11466666666666656,0.12299999999999986,0.1526666666666666,0.16999999999999993,0.050000000000000044,0.020000000000000018,0.0,0.010000000000000009,0.026000000000000023,0.05300000000000005,0.050000000000000044,0.050000000000000044,0.09966666666666653,0.04033333333333337,0.25233333333333335,0.24766666666666665,0.2826666666666667,0.2993333333333334,0.4350000000000001,0.10999999999999997,0.0,0.0,0.10333333333333336,0.07300000000000001,0.4399999999999999,0.42999999999999994,0.5503333333333335,0.51,1.9715760473480456e-15,0.08600748823654994,0.8518050072791091,0.839828754325678,2.480547330877581e-15,0.08600748823654994,0.32493232078535106,0.839828754325678,68.15371890068054,0.014006932576497396,0.45469791094462075,0.2088199536005656
I.13.12,0.23723676355481427,0.10842964714035602,0.45042101449351646,0.4910312914856822,0.22890975540192787,0.44806504155374394,0.06822842117209628,0.09859006035092974,0.247190673132141,0.368503179317158,0.08599502472692461,0.0799999999999999,0.21014800168260253,0.27781257309143276,1.0485587130867924,1.039745749860033,1.0818820296424974,1.1648521523830173,1.3203793528834198,1.000089877694939,0.35854054962069987,0.5561455124858765,0.8955431280250443,1.0129149866022087,0.9880485679353076,1.12850896914665,1.2306767683791906,1.3157025972590857,1.5719630691029678,1.9178695202341358,4.118412855740325,4.103247617250212,0.21615382025337151,1.9178695202341358,1.4213299439198972,4.103247617250212,156.39751386642456,0.017165374755859376,0.3419325908025106,0.19502752621968586
I.13.4,0.05858900132034806,0.0627198267629706,0.42027011765587574,0.15949631776794826,0.18047418056351372,0.025506675772721976,0.013570188802353307,0.012247448713915858,0.31947403012782,0.1597228807496465,0.21371150414092593,0.20554804791094472,0.27592350280496747,0.15533277725148187,0.5536291023085725,0.5304089343669064,0.8460984318288899,0.594475709031854,1.2500743995519623,0.28394894097234247,0.024248651433021615,0.014142135623730952,0.6788590478673998,0.45253694650679,1.2713883246572808,1.2639991657971779,1.505801377970611,1.442913197571771,0.7283311180651335,0.29426773665300765,9.994440517889592,6.039532729214646,0.26397040880643535,0.29426773665300765,3.8696909072879135,6.039532729214646,144.8260397752126,0.023891329765319824,0.3060755809148153,0.19991360505421957
I.14.3,0.16383515671706694,0.16483370482661736,0.09029847143065278,0.12887900945126998,0.08041558721209881,0.05656854249492376,0.0,0.008164965809277175,0.04197605997809086,0.06408451069050657,0.1061445555206045,0.0989949493661167,0.12399064560057821,0.16876379007618564,0.46579068141746455,0.45782495460200234,0.5185907936507907,0.5537716702114786,0.832660683511168,0.20791351905156158,0.0,0.016329931618554516,0.23471205315585497,0.25552154271431304,0.7737560206860441,0.7797331905004978,1.1288482591574749,0.9948064115656102,4.576695762288395e-15,0.13740525931894162,4.798255057068981,4.761008445546689,9.148639034788854e-15,0.13740525931894162,2.156911426090345,4.761008445546689,74.05563519795736,0.018451627095540366,0.4929084857304891,0.18145074049631754
I.14.4,0.028333333333333353,0.024333333333333304,0.1423333333333335,0.10733333333333345,0.14000000000000015,0.010000000000000009,0.0,0.0,0.061666666666666724,0.022333333333333354,0.1700000000000001,0.1700000000000001,0.26299999999999996,0.25999999999999995,0.16899999999999998,0.157,0.17566666666666667,0.16766666666666669,0.28,0.12999999999999998,0.0,0.0,0.08966666666666664,0.04000000000000001,0.2300000000000001,0.24000000000000005,0.3946666666666667,0.39900000000000013,2.998807452887243e-15,0.0864187224436055,1.9869566511903467,1.6690837549597233,4.53468670623904e-15,0.0864187224436055,0.7917466641769944,1.6690837549597233,72.17668317159017,0.015540242195129395,0.42221794128417967,0.13179460366566975
I.15.10,0.07510630049735273,0.0778888096369862,0.08690149989522623,0.07822201397670357,0.5521436277804668,0.029439202887759443,0.0,0.008164965809277175,0.0638959767199682,0.042526755574539,0.5872534943843812,0.5662155066756825,0.5280398369567361,0.5438511189816905,0.27403927032769115,0.1796292478040996,0.21978726627302264,0.22778683841031108,0.5948700677372059,0.12274665266613478,0.00027216552697590865,0.05715476066494081,0.1687426267250634,0.166837468036232,0.6824968956444325,0.674331929835155,0.6354942548374117,0.6598042179875875,0.0037972737106245964,0.15160160184993995,0.3792885084652492,0.3217312379024794,0.0008669293714386187,0.15160160184993995,0.1412317072176168,0.3217312379024794,111.86297164758047,0.01644606590270996,0.5259100993474325,0.19268466631571451
I.15.3t,0.33722481783766745,0.06417407838095264,0.35708706804662005,0.3515387278048404,0.4570655732115798,0.1271678983626655,0.04075655723509052,0.07382411530116703,0.21435854726671394,0.10843787722299587,0.5041238290819342,0.43301270189221924,0.6564557539373956,0.5231979023520346,0.9059433523539031,0.6007232082829156,0.9237020601281,0.9224183007922124,0.7458123336387377,0.49857083738233354,0.1453708329840531,0.43970877550133214,0.5873903191421685,0.5597773327756339,0.7265552201036389,0.8558216382291488,0.9370163021037031,1.0049612279105946,0.019749804789612458,0.0643103003085343,0.1183498695192408,0.10547704890979327,0.006418126621151736,0.0643103003085343,0.044813067100256516,0.10547704890979327,156.35124592781068,0.02280237674713135,0.76564888159434,0.30526540279388426
I.15.3x,0.21234530903386514,0.1837197540014712,0.4338549360275128,0.2697958889228583,1.008145144033979,0.2426501218688587,0.006617215472771987,0.033911649915626306,0.2554834584299057,0.09909049744734522,1.0893275878403967,1.0774274917598858,0.46521999601958597,0.7340761427435888,0.7421513932248164,0.5072154987012902,0.9673111585155124,0.8295739723703182,1.2571702458007465,0.3626749166036092,0.009899494936611661,0.09520557554648651,0.5473968550214059,0.3605407942641522,1.3257108836687064,1.2930854143947264,0.9289718652025579,1.201031056606308,0.011107492363992829,0.07125268060062245,0.5220124555326837,0.30173085559186297,0.003988807011775496,0.07125268060062245,0.17404412226549273,0.30173085559186297,160.4592264095942,0.02042383352915446,0.6146921475728353,0.2766401688257853
I.16.6,0.04505449351219737,0.056236396318686946,0.04588737690380393,0.04058927596750242,0.058279258270039914,0.07653196611451947,0.024457081855492516,0.014142135623731015,0.06537504686367812,0.07887083635134504,0.0983490215896814,0.07257180352359073,0.0961132608083186,0.09172544774536671,0.4975625244928503,0.45193118309972574,0.5214063190117433,0.5007217389615742,0.5226265294698094,0.3898045164160576,0.0894695318419132,0.1796292478040996,0.3856362052144647,0.29880250034535616,0.3932268275851065,0.41961641192275334,0.5030787615655293,0.47538556845763924,0.027529353058311005,0.07715753017459119,0.27187299573701945,0.21092077812726143,0.014447662120824288,0.07715753017459119,0.11459648495188655,0.21092077812726143,164.35327837467193,0.024899419148763022,0.8568783442179362,0.2910915772120158
I.18.12,0.13352814840572902,0.14154952384401828,0.13994042143906318,0.1497306378511534,0.18617708706437552,0.26562701109047426,0.019791157567070165,0.029439202887759405,0.17196860466508446,0.05105711328934302,0.05087860166219919,0.07788880963698612,0.18115162099053306,0.1295945057519182,0.6261362850500211,0.6130384944333512,0.5899292011355743,0.6235357063514083,0.7700361163823852,0.42732147202266807,0.056823973320963214,0.09579179371650352,0.3732858175827044,0.3655011921077555,0.4335683773793201,0.425593581737207,0.6387497693821064,0.6531640705328132,0.3521287460543889,0.833868454698609,2.03705801699429,1.62010465933916,0.17099312581247297,0.833868454698609,0.8622539261571338,1.62010465933916,128.95349917411804,0.02516443729400635,0.6715806563695271,0.2891826550165812
I.18.14,0.08016987133799418,0.07826532679900305,0.10718293178530698,0.1472405127460644,0.3594340984543977,0.29022919492630417,0.044731065754174605,0.03000000000000004,0.03618680106293867,0.12977305575538753,0.10326190830964554,0.06442049363362565,0.06134610696369167,0.15674744283858097,0.9248647677705001,0.9261661788398402,0.8593085915114457,0.8912872637884693,1.071084203163368,0.5334801461782328,0.2197589009258073,0.3521852691343833,0.7361860576170242,0.774779947180821,0.8479460401402993,0.8898567734204437,1.0514872519561296,1.1219367775153661,4.356114043820107,3.7092571792104967,9.624976663695929,9.600052671963597,1.195264053609417,3.7092571792104967,3.27578535140434,9.600052671963597,136.31103619734446,0.03235455354054769,0.7592088540395101,0.26445999145507815
I.18.4,0.10028413213596962,0.09364051956396091,0.10547708091734408,0.09266555314064231,0.07677297749854121,0.2163353341870626,0.032103326078371956,0.04636809247747852,0.056182458512019064,0.07400750069510904,0.1118500728440551,0.1363818169698586,0.04991404915168156,0.058996038755713145,0.653464987994971,0.6491603953919537,0.6543786952769928,0.6417682786625301,0.6851506305436087,0.3340105277277809,0.1576026151867156,0.23852161869361116,0.43639415858509184,0.4389448472219854,0.632179395026623,0.7084389331256837,0.8020711259686674,0.7679962014027365,0.06641133906605066,0.06961637570115872,0.2603836344568415,0.23690695360345596,0.018807797815525534,0.06961637570115872,0.08921115345888161,0.23690695360345596,166.82407748699188,0.03587231636047363,1.0015469312667846,0.28316097259521483
I.24.6,0.068962120455953,0.07066479426360077,0.40751779637403635,0.21266774702524804,0.35485287699338336,0.06309006422798656,0.007478421009695994,0.015811388300841948,0.5833381125231664,0.39751191220144244,0.28954425625275176,0.2928310092869264,0.5990206653855153,0.4488244571757685,0.7962669490447101,0.7731322566949187,0.9680410660812295,0.8656664137571634,1.1235320351233289,0.3782429725750726,0.006128258770283414,0.08485281374238568,0.9398786185370244,0.7773862452378855,1.0541341640072688,1.0601248118611122,1.316171999670019,1.3990350367477655,0.12743156449719933,0.7144229414427524,6.018932100110356,5.811781323335741,0.03316113826175397,0.7144229414427524,2.3403375329422116,5.811781323335741,133.7500036875407,0.023456724484761556,0.8569496313730876,0.275299874941508
I.25.13,0.02166666666666667,0.015000000000000013,0.020333333333333346,0.017000000000000015,0.07000000000000008,0.11999999999999993,0.0,0.030000000000000027,0.0356666666666667,0.010000000000000009,0.11999999999999993,0.08999999999999986,0.12466666666666655,0.11933333333333325,0.214,0.20400000000000004,0.2136666666666667,0.21866666666666668,0.5399999999999998,0.16000000000000003,0.0,0.08999999999999998,0.09933333333333332,0.10000000000000003,0.35999999999999993,0.41000000000000003,0.47166666666666673,0.4800000000000001,9.566618574882213e-17,0.1204502045533241,0.13422913541687195,0.1318743848811406,2.623746175455573e-16,0.1204502045533241,0.05970712944745787,0.1318743848811406,70.84599242210388,0.033756502469380695,0.5709973255793254,0.28124388058980304
I.26.2,0.049000000000000044,0.04233333333333337,0.050000000000000044,0.05133333333333338,0.7269999999999999,0.0386666666666667,0.00366666666666667,0.020000000000000018,0.038333333333333365,0.009333333333333341,0.5126666666666666,0.2699999999999999,0.4539999999999998,0.47733333333333333,0.027000000000000007,0.03300000000000001,0.027000000000000003,0.03166666666666667,0.7913333333333334,0.08599999999999998,0.003,0.06000000000000001,0.018000000000000002,0.020000000000000004,0.5660000000000001,0.32000000000000006,0.5456666666666667,0.5533333333333333,0.012226383467816989,0.13477526001490683,0.06095171690683483,0.05822788429280903,0.005418825894620668,0.13477526001490683,0.025102085216327053,0.05822788429280903,138.03284964561462,0.03248914082845052,0.8359099308649699,0.18568221728006998
I.27.6,0.04352938590184256,0.04033480089836857,0.16391077035481455,0.07019663684214784,0.07479609778930381,0.10169579244402326,0.005151604406875058,0.024494897427831883,0.16186090454306432,0.13378202376153997,0.0986572792605309,0.10614455552060459,0.184778133924466,0.170516675196218,0.4298128488815164,0.41687521604732697,0.45364476866902753,0.42127277862741885,0.5860995013906358,0.310625291624101,0.008164965809277258,0.08164965809277264,0.2650773485431534,0.21692882676359287,0.6098702111379766,0.6410858484280292,0.7412071381610184,0.7397214010178498,0.003206961231154069,0.04691735334912124,0.0962798921508912,0.08483673354199239,0.0009558501325818621,0.04691735334912124,0.044067513272989106,0.08483673354199239,144.03044358094533,0.03399864037831624,0.5899110476175944,0.25943427085876464
I.29.16,0.39683117033393,0.3722120447639188,0.5690152021761228,0.42388736517605174,0.24837661002676492,0.8219493537346426,0.09626879942736527,0.1124722187920199,0.5103428765537663,0.21516485318759335,0.17689254399380444,0.13095800853708797,0.4431220857762291,0.20545767542043525,1.2634806393996532,1.2476891758850788,1.2851146039787489,1.262808084384549,1.4160865484759129,1.3375561996900238,0.42403544776613866,0.6847573317867514,1.194740603816044,1.0888463976891871,1.0815704799886379,1.3074317850273216,1.5346018259102014,1.4383346832159591,0.7678282717547499,1.0237720575873757,1.7489424560290525,1.4031600577974255,0.2624345375047131,1.0237720575873757,0.5020525411438963,1.4031600577974255,179.61121100584666,0.022063557306925455,0.5347373723983765,0.293870218594869
I.29.4,0.04833333333333316,0.06099999999999984,0.026666666666666623,0.03833333333333319,0.11999999999999993,0.1200000000000001,0.0,0.010000000000000009,0.02100000000000002,0.020000000000000018,0.020000000000000018,0.019999999999999796,0.06500000000000006,0.07000000000000008,0.287,0.2836666666666667,0.25800000000000006,0.2766666666666666,0.56,0.2300000000000001,0.0,0.08000000000000002,0.06266666666666668,0.07,0.24000000000000005,0.33,0.2916666666666667,0.32000000000000006,1.7274828731526175e-16,0.1547243192002661,0.3570768948962806,0.3090716340656229,3.460380024652352e-16,0.1547243192002661,0.18384113347254752,0.3090716340656229,72.08773261706034,0.029361367225646973,0.398403271039327,0.24271239439646403
I.30.3,0.15736855875732425,0.31294140555955785,0.16600270946056264,0.10604431434527826,0.4694606780146201,0.5789458743945028,0.08918361206194593,0.29337120967584157,0.20748455406018657,0.12164941311386442,0.1076392218763633,0.30539591789456966,0.10748062015166761,0.12071050978170433,0.8255041220380239,0.8622464681797714,0.8380718863169009,0.8110793491083006,1.0080081681325364,0.9484105565666859,0.5177662552756243,0.8064158839231533,0.7918637715003635,0.7719698845035351,0.7964148530210624,0.8749387660469844,0.9094375002816374,0.881080302501015,1.525482746441454,2.1797642773094235,2.0249565211805516,2.098874193586807,0.5401094247243844,2.1797642773094235,0.843770129632814,2.098874193586807,149.56400003433228,0.017961827913920085,0.5528768301010132,0.0269944429397583
I.30.5,0.07689508057278634,0.05969798158752151,0.08473322935129421,0.04208670647098664,0.9342733361638159,0.09899494936611655,0.0,0.03559026084010423,0.1441704615207186,0.07676116510406587,0.8087438819964371,0.9129074432821762,0.5538993357275926,0.5985421105767791,0.399563394175856,0.45762571560818716,0.3891286370119435,0.37991932619560514,1.1812610162946457,0.3564844814433587,0.0,0.27323324552577966,0.29631635937601586,0.1979773728883929,1.1418385260792507,1.1486011530575368,0.9782706021113671,0.9767806561111024,5.7989743249276046e-05,0.07032474950050752,0.06096681474152458,0.048645391435327555,3.8810144641347885e-09,0.07032474950050752,0.012939517657495255,0.048645391435327555,74.58517927328745,0.026228944460550945,0.45940614541371666,0.26126649379730227
I.32.17,0.30612921553830325,0.23987208794545517,0.561246756736967,0.43747311151608353,0.824754674073689,0.14448637064989328,0.04319169738677991,0.14224392195567898,0.5468663737368004,0.43164267168442993,0.6209794581352794,0.5802585630561602,0.5192685620617097,0.44658737895879785,1.3774932340626365,1.3563038180158824,1.5242091871570913,1.478894666865917,1.6877886346309652,0.8289777186538505,0.1785387759778066,0.5216965202567432,1.1591270383550558,1.0310860159618223,1.5006577125874758,1.3991018921274951,1.8461165114111822,1.8567796031977353,0.715099563588366,2.4883605500918127,3.6704787784954744,3.2286305136551676,0.06909859457982774,2.4883605500918127,0.7268314244765662,3.2286305136551676,128.25482629934947,0.021156938870747884,0.5757173299789429,0.2669132630030314
I.32.5,0.08434672777045299,0.09416628775729036,0.2942179769530711,0.20328508241028026,0.2519793658550038,0.2949741737000818,0.007085205978102601,0.07648529270389175,0.32769378946629146,0.29461448449106603,0.12358268552165416,0.20676073128135342,0.2830475553590345,0.29350073019136497,1.00858802475242,1.0979394456643814,1.0942561283993453,1.1008182954946872,0.9996961637990525,0.8421706293173621,0.013906433363335434,0.6503308755962085,0.6714418554867252,0.7373955288009683,0.9161836523933312,1.2024244823736503,1.1608842295165533,1.2221211105378065,0.017546650539539636,0.21912621709783073,0.476073906805474,0.4820909918269693,0.0014109852965762146,0.21912621709783073,0.14944946869940645,0.4820909918269693,98.95277043978373,0.027773968378702798,0.45224287509918215,0.21297000249226888
I.34.1,0.08816957101564957,0.07365689439640662,0.1394379052127838,0.096484339417697,0.7717393613896572,0.0674412287514074,0.0007435700477669363,0.016329931618554543,0.12907866840464094,0.061644140029689716,0.6828689847876769,0.648896499194337,0.5170592844403796,0.5614861233073055,0.44015373595423557,0.4176226190322368,0.4644780038205703,0.4306279425100787,0.82337392082779,0.2680516287342211,0.0,0.0898146239020498,0.30618098195838905,0.2427611782834943,0.8285045816766323,0.8842761681962953,0.7751252660351157,0.7912583886446325,0.014312427493883862,0.2695597494581257,0.5854745771287756,0.4695055475980195,0.000886742153255433,0.2695597494581257,0.1676143920311325,0.4695055475980195,96.24022420247395,0.02462184429168701,0.6790680567423503,0.25803202788035073
I.34.14,0.09759723765674605,0.08781712159760555,0.09204589568693941,0.0701486832407146,0.6736467917239717,0.05715476066494077,0.0,0.040824829046386166,0.08859845948353344,0.062389050278006945,0.600499791840097,0.5640921910468182,0.4842705287388767,0.5557134050968157,0.4033827803801697,0.4038594207904689,0.4570475392324091,0.43636295918224005,0.7765914625726175,0.1842351182046576,0.0,0.05715476066494081,0.1871469436415808,0.1883071293302799,0.7050070690083984,0.7026162010826166,0.694380738724956,0.7606418712883912,0.0039745653746718285,0.16494766959873888,0.3729186532810146,0.26470230380794535,0.0006252845343503831,0.16494766959873888,0.12418558540423578,0.26470230380794535,94.60392073790233,0.033324543635050455,1.0338942209879558,0.2537409782409668
I.34.27,0.04266666666666671,0.052666666666666716,0.03233333333333336,0.02833333333333336,0.020000000000000018,0.010000000000000009,0.0,0.0,0.03433333333333336,0.030000000000000027,0.010000000000000009,0.010000000000000009,0.1116666666666666,0.1353333333333332,0.22366666666666665,0.22900000000000004,0.21766666666666665,0.22133333333333335,0.40000000000000013,0.08999999999999998,0.0,0.0,0.08900000000000001,0.08000000000000002,0.40000000000000013,0.42,0.5706666666666667,0.56,5.078284388188877e-16,0.01641917171214545,0.1304484491719729,0.12253379724526363,5.598995167954688e-16,0.01641917171214545,0.046253755480001914,0.12253379724526363,53.75533681710561,0.025438427925109863,0.6878661235173543,0.15414299170176188
I.34.8,0.07385410124813213,0.08475207307240036,0.20158884643228656,0.2296769415444769,0.09513148795220233,0.1554027026792006,0.0,0.0552268050859362,0.48961366948730733,0.27478829370030966,0.04301162633521313,0.08803408430829497,0.39931074992533105,0.3488876798562997,0.8058252089904926,0.8247508325220603,0.9011049303553136,0.9258487945107892,1.374370960750518,0.5343649501553481,0.0,0.10417133026816706,0.6879835560015878,0.7197359825966464,1.161951556446998,1.1740808832677883,1.7362541368090652,1.734281362535104,2.771211509042467e-15,1.161085243692632,6.1005246145497365,5.688226741378546,4.103268837598675e-15,1.161085243692632,1.6240310454502143,5.688226741378546,80.25704553922017,0.02341009775797526,0.8675605694452921,0.2648393392562866
I.37.4,0.07568269092085503,0.09533056936071266,0.11242878587168938,0.1122842041491217,0.12475825384087592,1.1516359073586941,0.03592475419668593,0.12355835328567094,0.15554629346359725,0.07881285694920857,0.13685029821663314,0.3101612483854164,0.14255758582741399,0.12153517580053469,0.44373620490576493,0.45108467413411446,0.4929500152504191,0.4666762715944103,0.6292696959911575,0.8186804432579589,0.10455971239673435,0.21607848486083892,0.27691584749042275,0.22477871289741708,0.5172976566595638,0.47458337659287086,0.5909634502835726,0.6190718560800296,0.34982910977590026,0.5062893132447095,0.8220398843628075,0.7714970855319522,0.11311747738622382,0.5062893132447095,0.2897668385217703,0.7714970855319522,127.78364653587342,0.01927785078684489,0.7238063494364421,0.23950048287709555
I.38.12,0.13106170963332736,0.1563404512978997,0.230535020494084,0.14668240010685624,0.26228497260301026,0.15633620312208715,0.0012897948137849716,0.07968688725254612,0.3287813477404843,0.16494770328348746,0.13378590190810266,0.10839741694339408,0.3038640324238294,0.17383398909757608,0.8272981102195319,0.8667003676541536,0.9502667523064853,0.8997750244397913,1.0575130767737355,0.7112004134133539,0.0011785113019775792,0.29844233728731656,0.6537826542967284,0.5936751780439393,0.8845175686911305,1.056117954791922,1.1387623187050135,1.1673740187332695,0.012962922692501763,0.8872687154859118,1.7195190717918378,1.6625338990411014,0.000419026731735711,0.8872687154859118,0.30332743252748173,1.6625338990411014,74.68819548288981,0.030102888743082683,0.4630570967992147,0.23789504369099934
I.39.1,0.050999999999999844,0.04799999999999983,0.10599999999999989,0.0776666666666665,0.07000000000000008,0.019999999999999796,0.0,0.009999999999999787,0.04766666666666649,0.0,0.05999999999999983,0.08999999999999986,0.21699999999999997,0.11999999999999993,0.17566666666666667,0.18900000000000006,0.186,0.18033333333333335,0.3949999999999999,0.08000000000000002,0.0,0.010000000000000002,0.09666666666666666,0.06000000000000001,0.36999999999999983,0.39000000000000007,0.4756666666666668,0.4700000000000001,2.204848141805799e-15,0.12385703940802982,1.1540886274581026,0.9764617447788492,3.1872490186654024e-15,0.12385703940802982,0.4828429401152818,0.9764617447788492,54.28539244333903,0.03863020737965902,0.6486801385879517,0.24556210041046142
I.39.11,0.06976611785400597,0.07135612828167348,0.20834597711470387,0.1478691053778046,0.13009289647483166,0.07161535718952747,0.0005443310539518118,0.07788880963698612,0.18864065598698287,0.0825222343274586,0.22232065361593178,0.2608958923913266,0.25879294835230016,0.22167612554231877,0.550918466591557,0.5569985753238548,0.6418294184757958,0.5826979755412282,0.9287628965547899,0.3564844814433587,0.0,0.10614455552060435,0.39249896520586414,0.20981867774039292,0.6935509644602814,0.7928599664694393,1.0494178123965745,0.9798631111095226,0.000795351378480764,0.29303328159063546,1.090265236295246,0.9093011219203869,0.00046857463296214757,0.29303328159063546,0.40884465724304186,0.9093011219203869,81.56735212802887,0.018067169189453124,0.6807976722717285,0.2633702278137207
I.39.22,0.07230113347826173,0.056422244672455255,0.33483485717169537,0.21026882029037336,0.23248655875125357,0.21035683967962635,0.0,0.05787918451395118,0.30262567484404,0.2054467344275751,0.1270826502713884,0.17014699527173577,0.38565211107858066,0.2049470739742493,0.773108266244839,0.7720052090178181,0.8671518578838324,0.7903475594358358,1.2640949190103654,0.5327541347233413,0.0,0.07881599120883968,0.676424982667372,0.48407105709091713,1.1157666883106099,1.1388908316211783,1.2670563716032064,1.2860730438819545,1.863710525301652e-15,0.8271965996497496,5.301115549783693,4.227462397445868,4.243178581427534e-15,0.8271965996497496,2.297204923779955,4.227462397445868,68.16574119726816,0.027872920036315918,0.5479591846466064,0.26331187089284264
I.40.1,0.30396244022674684,0.19916993235595326,0.5489479375149894,0.4576708357973472,0.404163934069563,0.40551509915935086,0.16338384075737789,0.12897028081435416,0.758243200470004,0.43182766797243466,0.35588432934015835,0.24372115213907877,0.7404838892524868,0.5116497300507408,1.628607639183626,1.5934326708860935,1.6965561793307076,1.6360879396699397,2.268712797921137,1.2630010256359945,0.5550164924148163,0.7783400420808954,1.4854039178211005,1.2508859421778082,1.9056478241147172,2.093735463305672,2.279286804992321,2.2624250890569573,0.5454053971674436,0.21113367855300075,0.36920808071165645,0.3542452283288708,0.025391604507392765,0.21113367855300075,0.17721207508898604,0.3542452283288708,115.32824771404266,0.028873387972513834,0.44768438339233396,0.30605940024058026
I.41.16,0.37100542099559364,0.4358536808026285,0.6030661141702099,0.55459723632552,0.12793876203960833,0.22900240850268266,0.041223995621138015,0.23486166140943465,0.4993225870922601,0.3671301951684896,0.10999582448401782,0.35580893749314396,0.5159389253676835,0.34370610938830715,1.0761577573200838,1.1334826722320208,1.2631092485833522,1.2471919887152012,1.121860039422756,0.7864575785057969,0.12293863870066082,0.5424574290015607,0.9404554875603484,0.8637479881149818,0.9366381122894445,1.1338120474608533,1.26444441970557,1.2301722846072394,0.20638782830574162,0.8384250611800929,2.0817565203282746,2.262003785256889,0.02189755352898395,0.8384250611800929,0.722587439876775,2.262003785256889,109.73767519791922,0.014796121915181478,0.4140591224034627,0.24807913303375245
I.43.16,0.0904916333014061,0.09043375983425979,0.26495570224251686,0.2066282880337988,0.15016657417681198,0.18506755523321752,0.0,0.06964194138592056,0.33827951403992246,0.25505607011201403,0.06819090848492923,0.08455767262643869,0.4313348339180753,0.48657300908790074,0.8078423567840151,0.8064501087418013,0.8977213558429512,0.8247259135638014,1.4166881712544612,0.5743041214559069,0.0,0.05656854249492382,0.6278907761610882,0.513827141869492,1.1216518445870975,1.1344588378649079,1.4529584664556745,1.4227062799310783,3.5189654960219962e-15,0.7410329000711519,4.845777953043804,3.953688757775658,4.902883241798646e-15,0.7410329000711519,2.2020075296234523,3.953688757775658,67.86632513230846,0.027086297671000164,0.4582397778828939,0.29025017420450844
I.43.31,0.04468897385979833,0.04689306197710233,0.15291251154824007,0.05799201164568046,0.014142135623731015,0.045460605656619614,0.0,0.008164965809277086,0.22449034781405414,0.04492332003465827,0.057154760664940726,0.08041558721209884,0.2126778281841202,0.07143250691553901,0.5705625345718076,0.5558655961151087,0.6504996341276904,0.6238131077678924,0.8686720267332659,0.24436275610830085,0.0,0.016329931618554516,0.25022548819348184,0.23135500264568137,0.8597812707684641,0.8679462365777411,1.1946212524991817,1.1671359912918047,6.334025807670063e-15,0.15765297335535025,5.98832461612596,4.789238060487374,1.0206091032922848e-14,0.15765297335535025,2.283697305868727,4.789238060487374,65.1924519777298,0.019710326194763185,0.6664700905481974,0.25475920041402184
I.43.43,0.08418422861804425,0.0980470893303175,0.3022517307115633,0.11609579172352749,0.29982463704367907,0.24598685695907097,0.006762731968915703,0.03674234614174768,0.4702252363531966,0.20943033066702008,0.3334197288864659,0.2734044622898464,0.5763037638383831,0.37051140768040586,0.7958167720588306,0.8177247647831343,0.9690229111156355,0.905397031154662,1.3205994353037933,0.5654767889271619,0.008830373434375266,0.29647716827095516,0.8096909250041471,0.6265550721335038,1.2205794056358594,1.4751168481517056,1.5514467518179902,1.6084328098557135,0.0199653105291808,0.3181303313999278,1.113722991196948,0.9884982805057358,0.004778731472279343,0.3181303313999278,0.5778559130122437,0.9884982805057358,99.06502513885498,0.019637680053710936,0.475581947962443,0.20650214354197186
I.44.4,0.2161993601662532,0.19235109441176262,0.199424511555135,0.1679812167993594,0.17378243048953443,0.5203590995982376,0.044960907215126945,0.028982753492378877,0.2261525575342941,0.28005359166177185,0.11139236597792473,0.18644033898274273,0.26231300335411,0.287559930904482,1.2214799197454882,1.1935191485840795,1.2011620458635184,1.1968652459841,1.247834093044587,0.8409150258324085,0.23206260380715527,0.23694378319165646,0.9333322704621083,1.0566305144275219,1.0372722123856337,1.0632832152954745,1.371873622746075,1.4611630701798572,2.8183643125679394,2.0891362631396415,12.298044475787036,11.002655835151124,0.4299043319359964,2.0891362631396415,3.181355510185957,11.002655835151124,132.41892692248027,0.03081324100494385,0.6538469314575195,0.31530378659566244
I.47.23,0.044986613813417405,0.05855124287547928,0.04629876742655693,0.04270686886799488,0.024494897427831883,0.12027745701779143,0.0,0.03265986323710898,0.0263302272547223,0.0553681965184824,0.14764823060233417,0.045460605656619614,0.14900664283113332,0.17923824651329148,0.46887696935302736,0.4825881846196672,0.5247724383485678,0.4853865993597299,1.0399879843927127,0.3363651760051741,0.0,0.11430952132988162,0.19444062399007145,0.20384150792593925,0.8434513391499091,0.9746770102683624,1.115910250403332,1.0433502295081167,1.1905815549843727e-16,0.07364978337742613,0.1840439249037126,0.14095970028705918,2.7711131110549773e-16,0.07364978337742613,0.08387152751301737,0.14095970028705918,68.5702185789744,0.022095139821370444,0.5766934076944987,0.24379276434580485
I.48.20,0.10370422120345421,0.09293528990460449,0.13562003137679085,0.11957942082808734,0.1061445555206045,0.008164965809277187,0.0,0.0,0.05664746015827609,0.05035584752674631,0.2074160799025931,0.2046134567096374,0.1204181101673094,0.15848815909861916,0.27104544953095616,0.28149451141102777,0.3022753915371677,0.277027855234918,0.4632152551339802,0.09579179371650352,0.002721655269759086,0.008164965809277258,0.1519398876333525,0.13860901270104112,0.47138022094325766,0.47954518675253494,0.5331928349838845,0.5509408131019548,0.11238371985169247,0.37122620910158827,21.878623124368485,16.95387049902386,0.0703045160034899,0.37122620910158827,5.851011425953697,16.95387049902386,78.26657756169637,0.021367764472961424,0.8045589764912923,0.17211786905924478
I.50.26,0.22870343202412396,0.13453966832726066,0.40592961819289675,0.3791336445174728,0.6393932367133771,0.849802081847259,0.20906457485808183,0.13693063937629155,0.2917528231386821,0.1939771091311409,0.2287567628431227,0.39452503089157726,0.2443474049270217,0.18908912437186023,1.2463973439660374,1.1984388882544863,1.1180636994199658,1.140032810981594,1.418301196355262,1.2979746363476645,1.19024175631014,1.0653398392317834,0.9694095622936263,1.0852053414171332,1.4556415371742042,1.2738082090211065,1.1915051137941275,1.287188946394704,2.0538717366529813,1.494774497859029,1.6260164910854362,2.069912310470096,0.8664924243588975,1.494774497859029,0.644425487508156,2.069912310470096,124.93635130723318,0.022260308265686035,0.4075405836105347,0.16380907694498698
I.6.2,0.08233333333333319,0.027000000000000003,0.10599999999999989,0.09166666666666652,0.11633333333333344,0.1299999999999999,0.00033333333333333365,0.019999999999999796,0.028333333333333138,0.009999999999999787,0.019999999999999796,0.09000000000000004,0.032666666666666476,0.009999999999999787,0.158,0.24866666666666667,0.15466666666666667,0.16033333333333336,0.4533333333333333,0.07233333333333335,0.0003333333333333333,0.16000000000000003,0.09533333333333334,0.07,0.19633333333333342,0.28,0.209,0.20000000000000007,0.0005183422629040247,0.018691316869225382,0.007483325619161126,0.005910312052286938,3.984237364910635e-05,0.018691316869225382,0.0024593377677145033,0.005910312052286938,107.36435767014821,0.02816479206085205,0.7336224873860677,0.21504952112833658
I.6.2a,0.0,0.0,0.0,0.0,0.0,0.0,0.0,0.0,0.0,0.0,0.0,0.0,0.0,0.0,0.0,0.0,0.0,0.0,0.0,0.0,0.0,0.0,0.0,0.0,0.0,0.0,0.0,0.0,3.2592759446737384e-07,0.029460824199312625,0.0020730893707625385,0.002227388542370776,1.5646887177291895e-08,0.029460824199312625,0.0006062119115391895,0.002227388542370776,88.7046967091099,0.005759032567342123,0.4044557015101115,0.02018260955810547
I.6.2b,0.09446181156217094,0.10553101918580714,0.13992112803956797,0.14612251249870145,0.0690556402178829,0.24285772490887853,0.01689932090893855,0.029439202887759443,0.11400035177818713,0.10308045144618755,0.04309965069146558,0.12754084313139322,0.08427553236920558,0.02859808959201392,0.5361199921693788,0.5935612230774546,0.5665739217583624,0.5670791716009798,0.5822513475156125,0.624015152666438,0.055973631418209165,0.4642306147887698,0.43587201405578174,0.4110568010629887,0.3554997852857117,0.5817432917682646,0.485525813584178,0.4679393962009535,0.003738126465753715,0.03499391554545895,0.02780716387972775,0.0243515864041076,0.0011907677466817793,0.03499391554545895,0.010911000431379,0.0243515864041076,101.06446460088094,0.021932498613993327,0.28177995681762696,0.14286145369211833
I.8.14,0.16135646649041707,0.12122555064160102,0.21652226509430647,0.21283887306580065,0.18197554630782434,0.7177977774412552,0.09831662334808196,0.0628490254498825,0.16114826653023592,0.22723499150866627,0.10902262160650307,0.08336666000266518,0.17757188550715244,0.1476116087167529,1.417952359769138,1.3555932554717198,1.3855038990066804,1.3968409107983244,1.5144473139005246,1.4429635239556964,0.67573353822258,0.3174088637847578,1.080375933588762,1.1298230267690208,1.0626444002164925,0.9421332243013969,1.2565502923038667,1.281660116265204,0.40858777417183284,0.21768894378246098,0.5927474006519804,0.5546028951844628,0.17944372390838978,0.21768894378246098,0.2808470366633319,0.5546028951844628,122.27941071987152,0.029519971211751303,0.4482762813568115,0.21693044503529865
I.9.18,0.2534665102936348,0.2398001315130273,0.5723405258639737,0.2744405189484815,1.1068967143890234,0.13200597463676125,0.10034842268941689,0.06289320754704389,0.696630081568712,0.29629215256684394,1.0522582212361729,0.95391590591391,0.916670389208311,0.6334413882474504,2.226859081328613,2.2023710755000483,2.5413762241874718,2.3832876481242473,2.8864265393692814,0.5081907647396876,0.4719980345336949,0.5728251911295082,1.8005863841440275,1.6195334039759954,2.9144045039058475,2.942482466069008,3.249536854810022,3.340558318695084,0.012439474594978853,0.020215377848757786,0.07607660873471232,0.06350636669980209,0.005030474276154783,0.020215377848757786,0.027527843835638534,0.06350636669980209,131.2590487241745,0.02070949077606201,0.5748208284378051,0.28462149302164713
II.10.9,0.18770123925368554,0.192612497621867,0.2202740729952617,0.16066045361451145,0.2603758936667532,0.05321947471687751,0.0,0.0828653526310404,0.14592469943018252,0.0803823913938582,0.21419426973004027,0.30210373494325876,0.2834646876827414,0.22614106950740992,0.4587157806684562,0.44625478824456616,0.4731119441658613,0.44335343458665916,1.0384659306586626,0.3586722774381825,0.00027216552697590865,0.24276117828349425,0.37088064494076384,0.2550944552943647,0.8966174870014048,0.8968167259952199,0.938827544257893,0.9226225221476272,0.00013741422832211798,0.05791628496456846,0.08710105098776624,0.0742446118891165,6.436770201021469e-05,0.05791628496456846,0.04995194261941127,0.0742446118891165,97.89522128899893,0.015371012687683105,0.4066935618718465,0.15085755189259847
II.11.17,0.4277200146119936,0.3590214508894671,0.887515461635528,0.5103950322334512,0.23233978027442767,0.5180858199358703,0.16196146294388658,0.3056141357987224,0.7437703588543837,0.44044829144856606,0.3321126871729845,0.46375280771836475,0.7243032148113263,0.4852979852302946,1.3420312633131077,1.2628595905169784,1.5671490516681357,1.3231548628563676,1.630331046901729,1.1559139578856146,0.7642139709496747,0.9151852284669659,1.4716688512533005,1.2224053423921497,1.6222590883558565,1.6002408931394514,1.9129027226820225,1.7627145533164252,0.3948783156990119,0.2654245085945322,1.1868155779085894,1.3818147717296332,0.09133966707413115,0.2654245085945322,0.6866786932065477,1.3818147717296332,163.88818709850312,0.01944135824839274,0.1577059030532837,0.2371434768040975
II.11.20,0.1461881052093413,0.19361626050602251,0.4673782226966961,0.376397985046596,0.48720020127419855,0.39646855942879344,0.018684086052663914,0.15073154945133424,0.7312308523303661,0.5528659620583637,0.15206609384430173,0.24157814470684227,0.6613481894894818,0.6026471796008184,0.9092170198135299,0.898689288004104,1.0567825398221287,1.0317206334711737,1.6003120854182211,0.9419110183508098,0.05924704817656195,0.528454237086708,1.1752564600194766,0.9787210282043666,1.4431291166832974,1.5926904613312383,1.8973381764271482,2.0274799290595618,0.2140955992639952,1.7866587717909839,4.925940598777685,4.417133998827911,0.047285171325858334,1.7866587717909839,2.182418679127973,4.417133998827911,119.04783659776052,0.01999177932739258,0.2679620663324992,0.1854950189590454
II.11.27,0.20050930890448215,0.21666706407984732,0.36624759602003915,0.3799881048306118,0.35612466842416574,0.04636809247747867,0.00047140452079104254,0.040620192023179756,0.26480270801854616,0.25460548018393936,0.3241427519617727,0.4023058537978288,0.3303406202496707,0.3808819846625753,0.571124893757572,0.606087108423576,0.6658427582269868,0.6411034464824499,0.7781724228349071,0.3386678728817525,0.006363961030678929,0.2254137283481995,0.4908591035165614,0.4682188444592176,0.7542999758280476,0.8496664520086777,0.9899966275350974,0.969898674891897,0.000991831623378264,0.21695905932701534,0.23419247258635859,0.2683647653638933,0.000641546994661207,0.21695905932701534,0.13008563612660198,0.2683647653638933,117.94103745619456,0.0228823184967041,0.3987013657887777,0.1735414981842041
II.11.28,0.08766666666666666,0.2203333333333333,0.07033333333333337,0.04866666666666671,0.08000000000000007,0.010000000000000009,0.0,0.06000000000000005,0.02733333333333336,0.02300000000000002,0.09000000000000004,0.09000000000000004,0.08133333333333338,0.05466666666666672,0.20800000000000002,0.22133333333333333,0.19833333333333333,0.19666666666666674,0.41000000000000003,0.08999999999999998,0.0,0.08999999999999998,0.06333333333333334,0.08066666666666668,0.41000000000000003,0.38000000000000017,0.41,0.4366666666666666,1.0135257267562942e-07,0.12672782767670385,0.05159225378063536,0.06510332280710919,1.1727637192143757e-08,0.12672782767670385,0.022583882670495336,0.06510332280710919,96.75391460259756,0.021634236971537272,0.3984597047170003,0.17093907197316488
II.11.3,0.11444958992192716,0.22063808535124146,0.5241823825566008,0.3914678370921019,0.4026913386385217,0.12080238718260315,0.022470691412017886,0.06066300355241243,0.3344741387104093,0.1987083043972316,0.2860794843697706,0.4562017097732098,0.5009260611990752,0.37138053282979594,0.8617079644563009,0.8281170504228139,0.9405564330985727,0.8883941726237317,1.3520836742383697,0.517982358329838,0.05841586759768047,0.306669346422975,0.810164614953007,0.7462094136570946,1.2472548619531985,1.3931925961887979,1.6090396192816023,1.7123841664567732,0.0033382373357025716,0.017677206627919658,0.07320482440497691,0.05142369212976806,0.0012925785420355538,0.017677206627919658,0.026531150540888653,0.05142369212976806,140.6581837574641,0.02702749570210775,0.2604212204615275,0.22354083855946857
II.13.17,0.15065453287775482,0.44465686967656,0.44974635987834005,0.3421418089156053,0.2364229382239076,0.20069321117672537,0.006501188843108014,0.4089621009335709,0.2897949437907298,0.21226432114978908,0.08348288553592141,0.584593876122561,0.30551385301084094,0.2946426050055642,0.725820960540074,0.8211426800718019,0.8495393341851575,0.7869568569476203,1.3328964874327578,0.9052207021684542,0.0060367514695998745,0.850774026141425,0.7809906681147373,0.7080110609333802,0.9385936750157192,1.4249045025034635,1.255924849554384,1.2412816955801287,0.0001346971020707181,0.013449481187356572,0.017300844496438057,0.016185717419112046,9.30250865863207e-06,0.013449481187356572,0.008949263531838777,0.016185717419112046,100.3020042181015,0.015726296106974284,0.20462870597839355,0.15431353251139324
II.13.23,0.0272562490026898,0.025239961286652055,0.10858931543209834,0.03366182172503652,0.5633826408401312,0.05354126134736333,0.0008164965809277359,0.045460605656619496,0.14139347516223075,0.022029992351476957,0.4339758103349611,0.3802630668366309,0.47194941292054965,0.41907798039260097,0.23216486038473566,0.21928584936754808,0.4145939258812633,0.3031323722817952,0.6371509974620305,0.20248068029105967,0.0,0.10395675952578079,0.23753524439109305,0.12598262660516216,0.6164116285320027,0.5138066278144503,0.6123110079740622,0.5840877885283793,0.0017117702287739237,0.05342785879251539,0.14035770737199244,0.10894541420710521,0.00028843556678216143,0.05342785879251539,0.05171183240069623,0.10894541420710521,104.07673614819845,0.025389321645100913,0.4527923981348673,0.17658268610636393
II.13.34,0.12278793577305219,0.12861390115267135,0.11444450867793723,0.09729407657744465,0.5219833969262494,0.027838817763943983,0.0,0.016329931618554543,0.15734828081036265,0.11045361017187257,0.5425490982764897,0.5374631770332425,0.410345151454996,0.4223742416388577,0.22062190050725222,0.21458087298628867,0.21163520222753912,0.21032776052015312,0.5932266027963345,0.05007845696356717,0.00027216552697590865,0.03265986323710903,0.17979323852372314,0.13660615098387355,0.6669639200011379,0.678121303654785,0.6614124346542674,0.7032282227802212,0.002317260673028376,0.09865309012424732,0.351053563629605,0.300598828599897,0.0009302260803012765,0.09865309012424732,0.17234296799156607,0.300598828599897,113.14277390638988,0.01874820391337077,0.4243628978729248,0.20364468097686766
II.15.4,0.28527815404803275,0.2888389420366428,0.2878773062791692,0.373932167964206,0.16454687857469433,0.9041706196889316,0.017491897956510134,0.0,0.09805764804956843,0.08475722325980735,0.07963061566854299,0.04320493798938577,0.0863852912163323,0.10778258569821908,0.5770386913069586,0.5653122001041843,0.5904606304257325,0.5641907197068664,0.7738889719885719,0.9822836155000342,0.05350460106975875,0.13442882676806628,0.3851972430631346,0.32849958220282566,0.5267180812010989,0.5807279321134752,0.741829631637639,0.6572695510603087,0.24786990659927055,0.5806868898734211,2.055908521882914,1.520156693328247,0.11451703434251964,0.5806868898734211,0.9493052496147858,1.520156693328247,116.40900491078695,0.014871311187744141,0.3099374850591024,0.1432116429011027
II.15.5,0.09941611343547326,0.12347365688731578,0.06822741653043574,0.10911622130731292,0.06610044977540279,0.10110477166458946,0.012406297206366068,0.029439202887759593,0.08242163185219196,0.0940993828487111,0.06818571027890402,0.06377042156569683,0.028249674818100833,0.2770060464696232,0.49190810022813547,0.43266988543858076,0.5817052375893421,0.629835997635554,0.7738436278553172,0.931742822842327,0.04585012099260699,0.07348469228349534,0.33920267195657133,0.30423917204300077,0.4858698786119026,0.5012660700155258,0.6242035439612835,0.632724073609714,0.28578967464757454,0.6406078057390705,2.256827724927247,2.206475544795406,0.10484206673493564,0.6406078057390705,0.7200671284489043,2.206475544795406,122.72997062206268,0.024646457036336264,0.3562063932418823,0.15737372239430744
II.2.42,0.19546304708987272,0.38019832935643166,0.3375383079586865,0.1798155992072258,0.17987328874469868,0.31659129203281733,0.06970998384050901,0.08148619514985343,0.17514257164476313,0.09556601884115556,0.19354600685713133,0.30331501776206193,0.2990700318588824,0.20378541391554764,1.182316202086547,0.9384785248823033,1.12702226189916,1.1396959886740596,1.3436894155497856,0.850938583229386,0.32180547084479233,0.33119796531284407,0.9053765144941903,0.9324846289917166,1.1476672999976771,1.2296974413776127,1.3996448747381551,1.3866125325238943,1.5041659529198346,1.314452368542066,3.926019189787687,3.4816331702817416,0.20699446499809618,1.314452368542066,1.4536220949097727,3.4816331702817416,162.81029946009318,0.026608848571777345,0.5056722640991211,0.32694106896718345
II.21.32,0.1823615053572999,0.18652938525713358,0.31681781532313397,0.21104862870872018,0.6728254682328576,0.31822549909719927,0.03503730611431818,0.060991802727907656,0.5060293874679568,0.34537632693672304,0.6440956771207873,0.5622099252058788,0.35306837471612146,0.2849639328506379,1.028187852727755,0.8155985830949483,1.0421766544970377,0.999209575928144,1.5585296836900717,0.770320213155825,0.07644858423394547,0.6114806857416762,0.7208545532148809,0.6363442667478335,1.336543399765508,1.593057881207991,1.341920048835467,1.3348909455607285,0.003010290641087435,0.02074483057168426,0.023360420443767668,0.021580792745853124,0.0004839030045307897,0.02074483057168426,0.013240478544354523,0.021580792745853124,160.4789937098821,0.013468551635742187,0.4197575092315674,0.23227333227793376
II.24.17,0.05459124325604688,0.03530526746756281,0.08918251418331027,0.08060902322963202,0.19866219234335133,0.0322304418571958,0.0,0.029439202887759443,0.088449941762553,0.07071067811865486,0.14899664425751347,0.1589549202342182,0.18221283205242986,0.18457157599876167,0.3430415987665522,0.2967305450321705,0.3800117933344332,0.3603091035371807,0.36902503924228314,0.12845165695361258,0.0,0.09797958971132707,0.18502824124277534,0.09797958971132707,0.36683724324745975,0.40109868430937523,0.368340091011518,0.3869565486856443,0.00022877822102585464,0.10419863890285261,0.1670914890017797,0.11139011827197277,0.00010805995873931056,0.10419863890285261,0.06562497277900083,0.11139011827197277,136.43104326725006,0.028708426157633464,0.6428185304005941,0.2636256138483683
II.27.16,0.09753075581096758,0.10295309423627046,0.19036312619475984,0.12294274633470148,0.2501999200639358,0.09416297927883684,0.0,0.0,0.10812302485281693,0.09416297927883684,0.2264214359698891,0.2122891110412087,0.23449273628082742,0.21954498400100153,0.5053938970534193,0.5008843267288322,0.5384560712153015,0.5185007564967401,0.6294246178841301,0.29116475496914085,0.0,0.0,0.24472879172647008,0.20193634923710788,0.6203803248198272,0.6181925288250035,0.8032947236333517,0.7825072046653384,2.313034443171575e-14,0.5493806185318051,30.57849432312719,23.81715150446344,3.431746754758156e-14,0.5493806185318051,14.469952270661285,23.81715150446344,77.97492118676503,0.03063035011291504,0.6000130812327067,0.28420794804890953
II.27.18,0.01466666666666668,0.022666666666666686,0.06466666666666672,0.050000000000000044,0.13000000000000006,0.010000000000000009,0.0,0.020000000000000018,0.0833333333333334,0.0733333333333334,0.13999999999999985,0.13000000000000006,0.15299999999999994,0.13566666666666663,0.20400000000000001,0.19533333333333333,0.1943333333333333,0.18400000000000005,0.21999999999999995,0.10999999999999997,0.0,0.0,0.061333333333333344,0.04133333333333334,0.20000000000000007,0.20000000000000007,0.3043333333333333,0.31266666666666665,7.81978555372668e-15,0.1588553056713388,4.052917009083177,3.6399114710349627,1.1776740121916982e-14,0.1588553056713388,1.6326855982067336,3.6399114710349627,72.14026377995809,0.03380930423736572,0.7211184978485108,0.2581988096237183
II.3.24,0.03633333333333336,0.023666666666666687,0.016000000000000014,0.020666666666666684,0.11999999999999993,0.07999999999999986,0.0,0.020000000000000018,0.016000000000000014,0.01733333333333335,0.040000000000000036,0.030000000000000027,0.061666666666666696,0.067,0.166,0.1526666666666667,0.14500000000000002,0.15433333333333335,0.32000000000000006,0.25,0.0,0.08000000000000002,0.047000000000000014,0.05866666666666667,0.10999999999999997,0.16000000000000003,0.15700000000000003,0.15000000000000002,1.3429915587043464e-17,0.015958584458457045,0.011691954641211868,0.011264791819472705,2.832783912133383e-17,0.015958584458457045,0.005992611911484873,0.011264791819472705,71.87464864253998,0.034308735529581705,0.7419644832611084,0.24896785418192546
II.34.11,0.07054417843590848,0.10183037482437424,0.1977266401645945,0.19075490674326634,0.08200033067819039,0.1095855200431506,0.0005270462766947328,0.044158804331639136,0.16884215039560957,0.09984711369615606,0.1421367656688169,0.18193405398660267,0.30288298379595013,0.3287690840385323,0.8757292687413823,0.9086206600737233,0.9807191326788459,0.9242155677659317,1.2664643776072178,0.5063006023675063,0.0004714045207910317,0.09192388155425121,0.5985464567657479,0.5273045934593104,1.1921650252075762,1.2334605797643803,1.4519442478895739,1.3430264042691429,0.001810295589773895,0.31053411072778475,1.8095467696975418,1.4726880858404126,0.0004714405046426699,0.31053411072778475,0.7753149033650135,1.4726880858404126,95.92813460826873,0.026503928502400718,0.7690616687138875,0.30610801378885905
II.34.2,0.05496647086627202,0.05346803748122036,0.160443487900201,0.08784450084822212,0.1023067283548187,0.03559026084010434,0.0,0.008164965809277272,0.1395446535096647,0.09650820257674259,0.3196873472629156,0.3207283377979981,0.32816465044809795,0.23255874116078992,0.5498598168683367,0.5538159873123211,0.5661363625593977,0.5603284193540755,0.9201497659416229,0.2361977902990235,0.0,0.008164965809277258,0.31372588427582304,0.3112840604073254,0.9027938958096737,0.9332659630519591,1.1065663101395953,1.0946182334326082,3.247454678709274e-15,0.08146851796336958,4.124470539098834,3.705272632220414,4.3408363978136085e-15,0.08146851796336958,1.0002598868775818,3.705272632220414,77.56790754795074,0.01974475383758545,0.7643764893213908,0.2950932502746582
II.34.29a,0.043925617261789236,0.0391303408514072,0.09843855123862508,0.07105127372864596,0.07257180352359079,0.226862660362314,0.0,0.00816496580927736,0.05774073438020309,0.01669312531183593,0.05099019513592778,0.06683312551921132,0.14126575466525876,0.14534713662898208,0.5672822435319377,0.5770125118594176,0.5736488225073707,0.5767494151590927,0.8227476420504445,0.3831671748660141,0.0,0.13661662276288983,0.27763080810587154,0.32652289993319894,0.7711390832064483,0.8739234063921946,0.9282741405076116,0.899856917957622,7.568956534497429e-17,0.021698825456744363,0.082862067905777,0.07670204445916316,1.3068095016579592e-16,0.021698825456744363,0.03240245753509649,0.07670204445916316,76.92161719799041,0.03143306573232015,0.7839533011118571,0.23337597052256268
II.34.29b,0.09670385515637761,0.12216610177465034,0.6959815593931081,0.47079390265762466,0.29482198018465305,0.2822764602300375,0.0,0.06899275324264137,0.8736066194367691,0.6086129371316461,0.2985967179993778,0.38209946349085605,0.916178086102242,0.7402610123702843,1.1991362443706808,1.2100041769223824,1.5317563713142996,1.316147011332831,1.667067680938103,0.6776479577742356,0.0,0.19730179177906573,1.4093089419502323,1.1008774358506679,1.597525731915473,1.6628532550208541,1.9616551674147369,1.9359399292006185,0.0008849657877605283,17.485832013189107,114.02438307408963,98.35094387346412,0.0005420299775099707,17.485832013189107,47.106893374683494,98.35094387346412,103.93938595453898,0.020184636116027832,0.3790478229522705,0.27886509895324707
II.34.2a,0.044569499123686636,0.04515725038245271,0.07389098518872256,0.06430686884504185,0.0697614984548544,0.11575836902790233,0.0,0.02160246899469278,0.025482340808492814,0.03286293516806702,0.2333809475228573,0.22642143596988945,0.2638747292801779,0.17644875906475838,0.5292052492028512,0.5236837762406642,0.5740239269521908,0.5350561065566505,1.0168015557046786,0.37937780104638424,0.0,0.05715476066494081,0.2537584041546605,0.24958345411119384,0.7580123072375069,0.7765300348508848,0.835157254975247,0.8612785067230606,1.751212797390512e-16,0.03769178092093443,0.13174049654148734,0.1377792927373095,2.27303724917024e-16,0.03769178092093443,0.08590511551557395,0.1377792927373095,73.70050447781881,0.027303775151570637,0.7740138133366903,0.2715439319610596
II.35.18,0.09500051235119557,0.13265732994128931,0.3504092242503755,0.17217917597826363,0.24192920902292664,0.0987911091395008,0.06314842459636719,0.09099450532861862,0.35991319448398423,0.09560329598321111,0.1830722005749657,0.46908421418760177,0.6102469544546706,0.2978542543771267,1.1384784509237222,1.112899301273604,1.185747856995031,1.128136333819675,1.8551109636004242,0.686710705334693,0.23198435531411674,0.34061779151176813,0.777665733232245,0.5970204499263083,1.6930383793730592,1.7456813603601258,1.8742154608188686,1.815538529798908,0.09128961059609135,0.0525309514612066,0.14263427057823633,0.10000994624905153,0.006207357377780544,0.0525309514612066,0.06060034666231403,0.10000994624905153,175.1034116744995,0.02421122392018636,0.5034274339675904,0.28730444113413495
II.35.21,0.15102512240943167,0.15344778997616534,0.3074390669402144,0.21184188389772976,0.1949302736965512,0.19885252991465394,0.07151208314100735,0.031622776601683895,0.39594256743206074,0.10862321334904929,0.3036093684236732,0.3367491648096548,0.546635826404571,0.30021241546019173,1.102285464834974,1.0885895461824497,1.207077465161371,1.1745069450032668,1.3793896217981751,0.5966215499074127,0.2672759607474647,0.19529161253896157,0.8296200045777459,0.6839946888225426,1.3809012586342697,1.3779845545686769,1.4538159171124068,1.5146958244245,0.8939257527566616,0.4583914055281117,1.8569543593812834,1.6333669067322278,0.2124198485507737,0.4583914055281117,0.8826249320293317,1.6333669067322278,169.8216382821401,0.02686623732248942,0.4834588527679443,0.3284649928410848
II.36.38,0.381214299865168,0.29850530091652133,0.7249796836062733,0.43986550702391103,0.4673615871123663,0.4606057584076709,0.1937750295739959,0.2141844999060388,0.7097654631052143,0.4806873308119352,0.3771727630272193,0.4395736570814955,0.688809755532091,0.5431075685489347,1.9218757409307394,1.9449924610371383,2.2634989127978864,2.0398732505471813,2.2218824635262546,1.3303731544776232,0.6272195863721688,1.0041966242738396,1.659675640625246,1.5010587593904157,2.039056215390175,2.103882411677161,2.457910715510624,2.4768607981436688,0.29979326511061255,0.4139649394358696,0.8617202297235772,0.6209735760422606,0.053274577415923216,0.4139649394358696,0.47837288850386467,0.6209735760422606,180.72995717294754,0.022947891553243,0.26712576548258465,0.23160080115000406
II.37.1,0.034129775651176045,0.03893644656829019,0.2036371000262745,0.13455514995793794,0.18457157599876167,0.045460605656619496,0.0,0.0,0.18087935810931424,0.09639663287849887,0.24041630560342597,0.24752104287649304,0.37376953934206847,0.25610842320965893,0.5257829380338024,0.5202419244659481,0.5988129604974431,0.5652703129881193,0.8175014751556401,0.1752536558144525,0.0,0.0,0.4242784741555355,0.28789876864542996,0.7666064145315562,0.76879421052638,1.0110634166510042,1.025095974515017,1.0684517300900962e-14,0.1787075646424228,7.093932246379767,5.126423864982076,1.3839331004877928e-14,0.1787075646424228,3.3526367473062817,5.126423864982076,82.47754541238149,0.018200325965881347,0.692240571975708,0.2892987966537476
II.38.14,0.02766666666666658,0.04366666666666654,0.031333333333333234,0.03099999999999991,0.11999999999999993,0.040000000000000036,0.0,0.039999999999999813,0.013999999999999997,0.010000000000000009,0.1299999999999999,0.20999999999999996,0.10566666666666653,0.07999999999999986,0.23066666666666671,0.24066666666666664,0.23966666666666667,0.23733333333333337,0.49000000000000005,0.16000000000000003,0.0,0.08000000000000002,0.05666666666666667,0.06000000000000001,0.5189999999999999,0.5299999999999999,0.5086666666666666,0.5399999999999998,1.3654995984418413e-05,0.01908481780053591,0.02732639598603843,0.028519769933428474,6.56476735005166e-06,0.01908481780053591,0.012185493022472103,0.028519769933428474,76.68995429674784,0.014778463045756023,0.7243796030680338,0.26176194349924725
II.38.3,0.07326253375019424,0.07065794796728755,0.2563148181963118,0.14414712973308513,0.047434164902525645,0.13546217184144066,0.0,0.07106335201775942,0.3462192628554227,0.25499913636530647,0.12409673645990843,0.1882817038376272,0.4844086418322921,0.4277360861435292,0.8194996588335908,0.8153316784863474,0.9465894500508008,0.9207592879140046,1.3924830750662318,0.5525207495074934,0.0,0.14470305022954486,0.7289544704471441,0.6477775530854623,1.149260814487753,1.2168467754372607,1.541728438175529,1.4921698067559817,2.3443952869184506e-15,0.7856925223409806,4.614449434512809,3.835094726516834,4.269117622004034e-15,0.7856925223409806,2.159650411795899,3.835094726516834,75.80156746705373,0.03104830582936605,0.6954618533452351,0.3023111820220947
II.4.23,0.04818815268364986,0.10014027984274083,0.21715083519178854,0.0534989893609898,0.04320493798938577,0.08286535263104043,0.0,0.08831760866327838,0.32182161047538144,0.09092121131323899,0.092736184954957,0.19200694431886225,0.4210938196251932,0.12192894105447923,0.49580181591797523,0.5207290366552635,0.5714753312287062,0.504569734598206,1.0360363211237136,0.3706266170670899,0.0,0.18939579143818355,0.5263649473467233,0.3379667538299809,0.8924411340055729,0.8506009453043969,1.1033118226273124,0.9920223015417065,1.2132818324475911e-17,0.007619883697731727,0.013040222465225548,0.009499268727283206,1.4049769894474104e-17,0.007619883697731727,0.003879423109179062,0.009499268727283206,65.65142425696055,0.03114010492960612,0.5883438269297282,0.2638140519460042
II.6.11,0.12219630979269952,0.07864161363981483,0.23116966927274382,0.19417460168878045,0.23887550767876814,0.16175702346657506,0.03191265972824918,0.05873670062235365,0.2500302084964879,0.12450893819571658,0.19355971541658568,0.2438237068047321,0.2716207411983855,0.1725209178357026,0.7915921293995827,0.7675107819520524,0.8292918937114165,0.8072781383307637,1.1151509989364121,0.528283594596205,0.15087021935121728,0.376962412156906,0.6213325519378248,0.655013603591999,0.8958144996868016,0.95368403026805,1.037827195409874,1.137834242875634,0.0021338851799023585,0.007371496061915039,0.00957256044701157,0.009496217625436879,0.00041228055402862295,0.007371496061915039,0.005547163256067292,0.009496217625436879,115.58249553044637,0.026503562927246094,0.32485146522521974,0.26668097178141276
II.6.15a,0.5682509920006723,0.7600783835134827,0.7138971353008408,0.6410104434166958,0.4420772466792525,0.4678194946442996,0.28165774859781256,0.8087232736439167,0.45502152665985235,0.5121136691403309,0.3492475390778882,0.8658521813797087,0.48107487901401513,0.5192900336638202,1.6993488118095164,1.8050473841502184,1.8436071249687986,1.8074953162884577,1.7274356927955519,0.9994152762281711,0.8295571005318045,1.5664407604440045,1.1873998975494688,1.2105439189459168,1.6123741204964395,2.1888205555715947,1.6836890150102446,1.7069261313940016,0.13905248582822533,0.1673445334832531,0.1325417552344732,0.20192892758616363,0.01126497572040495,0.1673445334832531,0.11174069019889818,0.20192892758616363,129.06599644025167,0.03176267941792806,0.24460779031117758,0.18652331829071045
II.6.15b,0.17525200482102635,0.19379437756783807,0.11347745585482884,0.09156113353277945,0.19215710260258442,0.5337762265289357,0.0989919003661061,0.13546217184144063,0.26720162390884256,0.14850438175060565,0.13241271515095956,0.2247220505424423,0.1878458198684619,0.10955243792556019,0.8723641410574863,0.7914008056560753,0.8031306657188506,0.7985271631548954,1.168235957102223,1.0410743598109766,0.455174965073881,0.6019445036732329,0.5975931475027711,0.5652932055097004,0.8246768552337478,0.9297789936255959,0.8515468429955896,1.003007695763773,0.020845331699046878,0.024407711132525635,0.022529180269159437,0.02457629869088549,0.002136987993060437,0.024407711132525635,0.008029483469008654,0.02457629869088549,126.62520709037781,0.029225786526997883,0.6125396490097046,0.23664538065592447
II.8.31,0.017000000000000015,0.022666666666666686,0.059666666666666715,0.04033333333333337,0.09000000000000004,0.0,0.0,0.0,0.040000000000000036,0.030000000000000027,0.09000000000000004,0.08000000000000007,0.009666666666666676,0.030000000000000027,0.14566666666666667,0.15899999999999997,0.181,0.16533333333333333,0.2899999999999999,0.12999999999999998,0.0,0.010000000000000002,0.07966666666666665,0.08000000000000002,0.2300000000000001,0.2300000000000001,0.29200000000000004,0.25999999999999995,5.6019525958208e-15,0.0760209236425231,1.853199342897584,2.070193175854778,6.198346411465426e-15,0.0760209236425231,0.9179413531772641,2.070193175854778,59.83751882712046,0.023550875981648765,0.6548333644866944,0.23966612021128336
II.8.7,0.05425200805460264,0.04076100815206571,0.10301934390865172,0.15655149254313339,0.3906404996924924,0.2196967607104544,0.0,0.008164965809277175,0.11598706748520171,0.16088719009308194,0.1714642819948227,0.1593737745050925,0.2026854178647786,0.24513029208829645,0.5259183193211078,0.534933627033139,0.5625863359773293,0.5671297516237426,0.9688552040621456,0.385354970860838,0.0,0.23459621247421694,0.30358423619691904,0.3542042183097072,0.845639135144733,0.9137328757837913,0.9141191031200867,0.9563986298925458,2.60588925440604e-17,0.019468092626209233,0.029391111948548054,0.03289565470172794,3.579330700949206e-17,0.019468092626209233,0.017169477468561664,0.03289565470172794,60.248918549219766,0.0266948143641154,0.8689108928044637,0.2654728015263875
III.10.19,0.09330426012367903,0.08729834543834218,0.29146494137804885,0.21276122500781305,0.2937253301316939,0.05768318949311001,0.019301608008548896,0.012247448713915858,0.3284263585569212,0.12389511693363879,0.33421057437116936,0.3369718089098849,0.4449398203204631,0.23947860029656104,0.7800595413045052,0.7666366796940863,0.9540129056540213,0.8336073158771871,0.9870102856691183,0.21996699852612797,0.04615203898889143,0.028284271247461905,0.5811666850730866,0.360746631466083,1.0468603767968938,1.010260509620249,1.098677597935722,1.203325603054893,0.26667457459143046,0.20429976539472489,2.0997134537250437,1.3369099884570341,0.12868288431887323,0.20429976539472489,0.9704925165920503,1.3369099884570341,122.05097942352295,0.019014453887939452,0.795245353380839,0.2739056666692098
III.12.43,0.06000000000000005,0.049000000000000044,0.05733333333333338,0.05700000000000005,0.08000000000000007,0.010000000000000009,0.0,0.010000000000000009,0.00366666666666667,0.010000000000000009,0.06000000000000005,0.040000000000000036,0.051000000000000045,0.010000000000000009,0.194,0.19000000000000003,0.18000000000000005,0.19366666666666668,0.4600000000000002,0.12999999999999998,0.0,0.010000000000000002,0.06400000000000002,0.06000000000000001,0.4600000000000002,0.4600000000000002,0.4693333333333333,0.35999999999999993,3.1726163751891935e-16,0.015153373311114767,0.14917790352476729,0.148327215565146,3.637128379073322e-16,0.015153373311114767,0.0451336211514837,0.148327215565146,58.01204778353373,0.021272667249043784,0.830083703994751,0.24538358052571616
III.13.18,0.07719568737170657,0.07501882537279274,0.33814165387678347,0.26680874358196593,0.2366514468385646,0.07988839571070824,0.00023570226039551343,0.027386127875258275,0.30434507670542493,0.21103980505370534,0.223159136044214,0.15264337522473756,0.31809986072920765,0.21839027533183814,0.9091937945425005,0.904388328130201,1.0845217423341529,1.0332066267984683,1.1578956965144704,0.5619665936046714,0.0,0.10417133026816706,0.7617614955821621,0.6858475363489306,1.0282211509461558,0.9825188388946915,1.3957264302196615,1.3304382461970878,0.06491322225743917,46.61511340289781,256.2224672073455,234.94909009328023,0.059952412625988424,46.61511340289781,103.59799758426665,234.94909009328023,88.78922851880391,0.024223740895589194,0.18808592955271403,0.2619433879852295
III.14.14,0.08849107618328388,0.228377668151549,0.18386750064125815,0.25015938233932505,1.027136205749177,0.24061663610579798,0.009121008257439346,0.21023796041628634,0.27321669311811897,0.3087654279728192,0.9652627539369582,1.0059423442722744,0.8028524348059974,0.7757335310608755,1.2459479776852127,1.2591606198474468,1.3749477318830996,1.354682998594462,1.8858491202000303,0.7682512348389108,0.008587070288107897,0.5582678091611036,0.885155608440421,0.8766775056682669,1.7297748380347884,1.773915275563103,1.9099705750532883,1.860925020541146,0.6010084350298854,6.089919211378127,8.884265059456085,8.12462221492317,0.012685719021079784,6.089919211378127,1.9903494636547627,8.12462221492317,110.12856415907542,0.02360192934672038,0.4465629021326701,0.22336912949879964
III.15.12,0.33644533447134767,0.5013650435925378,0.5506264262274458,0.511074681796985,0.34951327183321224,0.5070542820951559,0.07169525494790605,0.4450468140169827,0.3813920239791691,0.3209290264663666,0.08515404355697927,0.44751163858235754,0.3774514273564996,0.33963019531116534,0.863897598994929,0.954188863307278,0.9366530259468164,0.9267482951206965,1.0067970265011212,0.9023587665954865,0.4254138833490592,0.9310781670571361,0.8726016599686498,0.8603727248279889,0.7793050760481374,0.9850297720724631,0.9248026522681653,0.9092124577602352,2.889763449475463,4.975842051152196,5.311579220974603,5.363363324420061,0.8201289979407942,4.975842051152196,1.7453301256764924,5.363363324420061,129.89164887269337,0.028015716870625814,0.389916197458903,0.028803300857543946
III.15.14,0.13956397776722715,0.17737086203095728,0.07944276435657387,0.07218625227389282,0.2731300056749532,0.2372059583287626,0.0,0.10677078252031331,0.15910647150735177,0.10843013854649029,0.08286535263104047,0.17378147196982768,0.09936768873864164,0.07596020761204787,0.6266935178677666,0.6598195497361588,0.6804974909444541,0.6639201702940991,0.9374844783563615,0.6508523920621128,0.0,0.25690331390722515,0.45123436013757884,0.4307504220335903,0.5893220394075247,0.6160047328301803,0.6847425616163509,0.692080559065684,5.726668606152077e-18,0.005679700492663114,0.0071880213479877985,0.007753255529880868,1.2978369384917411e-17,0.005679700492663114,0.005726422083893235,0.007753255529880868,60.30532662073771,0.027313955624898276,0.35055602391560875,0.19944105943044027
III.15.27,0.06451005540610054,0.09163537171914987,0.09546014102320058,0.08904225975854246,0.14854853303438115,0.12027745701779141,0.0,0.03265986323710909,0.17223185111882636,0.12033390308634731,0.11430952132988177,0.02943920288775951,0.2883790988089186,0.2039859018618554,0.5316285594980937,0.5274979265554696,0.5944192308544942,0.5782651646869448,1.0259924600273505,0.4457128871753916,0.0,0.2509261440927714,0.4294872974270468,0.3279409464327149,0.7618016810571366,0.9713167779335052,1.0473510929728969,0.9989122680130588,5.2012541345151e-16,0.5513603308010816,1.015587380437212,0.8798388629355418,8.051035186317098e-16,0.5513603308010816,0.6413576458007844,0.8798388629355418,68.58797736167908,0.028670072555541992,0.3495309273401896,0.17694385051727296
III.17.37,0.08468584778798238,0.06794091737808969,0.06798360538022999,0.10195134388257318,0.17817860743622188,1.0399920231493214,0.023741015935290776,0.014142135623730963,0.09617487098052836,0.06380498774630926,0.05047522795416058,0.07257180352359092,0.1468828978616806,0.09916989455860437,0.52937064287484,0.5174487456153937,0.5765306355596104,0.48429550726704884,0.6371453856525691,1.140238727126763,0.10298010516237241,0.13661662276288983,0.44723910848226006,0.37879158287636716,0.4588406901767452,0.4664184107835933,0.7295584334609598,0.6660517744566985,0.44061015261746767,0.5820464230008792,2.3700753585379526,1.780624569546704,0.2184680951195026,0.5820464230008792,0.9643765418965914,1.780624569546704,113.25767056147258,0.026820937792460125,0.3934120337168376,0.27419898509979246
III.19.51,0.23139786413880065,0.13641155492360021,0.41181018045168527,0.2511550692198914,0.3368807944107806,0.3737363008359644,0.09643947612937045,0.06782329983125272,0.5007642171993165,0.4463954716477815,0.1723209616735293,0.2745177589883759,0.3558399742411684,0.2801260196662276,1.355544785003372,1.1597875292245257,1.3433036316812677,1.296936218342672,1.644673227126954,1.2534947757529895,0.31437187736363903,0.8483934533708932,1.1183165492682354,1.0361818081501204,1.355070083832867,1.5488510277733942,1.6189670780335288,1.6732318255116487,4.482607995821096,2.4513932642418808,2.37266272491031,2.3019760942578262,0.012811846044553389,2.4513932642418808,0.19452009363257747,2.3019760942578262,112.97258656024933,0.03447248140970866,0.4597292184829712,0.1268797556559245
III.21.20,0.07688854166655931,0.07852814784930015,0.5274969681771504,0.32833860837736856,0.14874407004335594,0.2042129983119916,0.0002357022603955108,0.05873670062235378,0.4821175002275776,0.23371520376888213,0.15159043863010518,0.15921683328090644,0.41985150500882207,0.28066854952719816,0.9084189770893736,0.9022360659344331,1.14567810744849,1.0029297414474845,1.5354670208759076,0.5798573671749568,0.0009428090415820634,0.19937690581465356,0.9203416341378984,0.699547151698406,1.2730456764501787,1.2702464075446973,1.6220495450338162,1.4735448246599139,0.023853441520946785,1.0049157813398362,6.63001048107507,5.222578653108765,0.0017083071011809664,1.0049157813398362,1.8569412962413965,5.222578653108765,75.94245947202047,0.031842803955078124,0.31014285087585447,0.23047242164611817
III.4.32,0.0699649137985524,0.09874216712706331,0.25815965823766507,0.13933297203220305,0.16837458240482756,0.11335784048754635,0.0,0.12980754985747192,0.49621709735891734,0.22893484323126886,0.25546190128620744,0.23906066175763846,0.5152709414324327,0.3313354614550341,0.8151077019671418,0.8206868140566799,0.9192066989619646,0.8198851454507387,1.4218970504330988,0.5931470258122643,0.003771236166328254,0.2994061004590896,0.875839209742681,0.6907626830877006,1.2173505939988714,1.4198892482902727,1.643273178348458,1.6746326206302384,0.007719185701431643,2.142537957727065,4.903571120629007,4.153543753749336,0.004449960542034795,2.142537957727065,1.350377866843974,4.153543753749336,84.67937347888946,0.027937682469685872,0.5404260238011678,0.2137234369913737
III.4.33,0.08157237747649543,0.08020262485901793,0.15797000827248217,0.09667773717999072,0.1156644024929819,0.010867146219736645,0.0009428090415820641,0.015811388300841948,0.17554860324195573,0.10707792540247832,0.12202259722532861,0.12864680330268602,0.19249973340234974,0.13483891849627785,0.658974393620495,0.6391028159777747,0.6275864521979156,0.6285520725584561,0.6070409410629465,0.11440415853811213,0.0049497474683058325,0.049497474683058325,0.373264522574044,0.33257331216284636,0.6315802978012931,0.6310180106261154,0.7708044603020198,0.768174548626147,0.007607940036383458,0.12692240537321864,1.0502869093792473,0.7539757985373579,0.0056270313022701085,0.12692240537321864,0.385384751967669,0.7539757985373579,99.69664905865987,0.02313673496246338,0.5995686848958334,0.2171702782313029
III.7.38,0.06602709101393194,0.05839312143096289,0.11859063652440226,0.056032494308783556,0.10198039027185558,0.16309506430300072,0.0,0.02160246899469291,0.18963223580474223,0.13638181696985882,0.10033277962194939,0.05099019513592772,0.0743367963402065,0.02847675985417818,0.5301609600082269,0.5154354121192098,0.5591406512654705,0.5232162046570159,0.9234906670680068,0.30749468658769535,0.0,0.05715476066494081,0.37035828447725666,0.29092400477921376,0.8129792719076243,0.9691289819386814,1.0755753394509922,1.1008099739894481,1.6482517607366005e-14,3.8586315445822796,15.634066965387245,10.908489551329234,1.7960461927477845e-14,3.8586315445822796,5.995761499286112,10.908489551329234,61.19866165320079,0.030031617482503256,0.3931321859359741,0.21838928858439127
III.8.54,0.13581985675039007,0.6966778555498816,0.3436752770146756,0.15469490602285316,0.4629985990046193,0.5087216716872885,0.09622768917429843,0.6858571279792899,0.2623667963179199,0.42326988546678146,0.3303215660698573,0.6309252464964981,0.22663974678333282,0.05429715177328243,0.9832072598559024,1.0286536669713713,1.0505518186377327,1.065419386655929,0.9886729169058185,1.0288829183498698,0.7044037402174915,1.0338624902428823,1.0115396811413497,0.9966400466736461,0.8796102730263707,1.082852285098546,1.0294038758610116,1.0146926326881534,0.49613055932981026,0.33960332678862903,0.3529522605062955,0.3440658181753112,0.11816077095019248,0.33960332678862903,0.13929203746095845,0.3440658181753112,123.20786358515421,0.005083394050598144,0.42501724561055504,0.027531878153483073
III.9.52,0.6732485712096506,0.4624468721080783,1.1882414140496456,0.8723372873581361,0.6569789323227097,1.1914284651775664,0.33856320028203696,0.20461345670963751,1.0738326881708036,0.46430784668952346,0.870076838826855,0.8688306317497483,1.32695304606086,0.8456623587096855,1.9234576785092814,1.8701483422211396,2.1463165925955843,2.008765993791081,2.195002890560337,1.7592219663146345,1.190721971871376,1.1532577995931335,1.9731158932205486,1.617533729018091,2.091630954678197,2.07975127254693,2.419898385743648,2.290625245821001,14361473.224918347,11.519081065641197,13.67800263312674,12.256424260907808,2.888226703661785,11.519081065641197,4.9553635799846605,12.256424260907808,144.04246843655903,0.015266180038452148,0.32794419924418133,0.2509685277938843
